id,event_id,ts,action
1,163,2025-08-14 03:43:12,view
2,80,2025-09-17 03:43:12,view
3,107,2025-07-30 06:43:12,purchase
4,32,2025-07-22 21:43:12,view
5,43,2025-09-20 16:43:12,view
6,13,2025-08-17 03:43:12,view
7,103,2025-08-06 22:43:12,view
8,170,2025-07-29 04:43:12,view
9,62,2025-07-24 01:43:12,view
10,5,2025-09-27 02:43:12,purchase
11,154,2025-08-23 17:43:12,view
12,200,2025-07-29 19:43:12,view
13,126,2025-09-19 01:43:12,view
14,12,2025-09-08 21:43:12,view
15,78,2025-09-10 02:43:12,view
16,94,2025-09-15 10:43:12,view
17,49,2025-07-15 19:43:12,view
18,59,2025-07-25 09:43:12,view
19,149,2025-09-27 02:43:12,purchase
20,2,2025-08-26 22:43:12,purchase
21,165,2025-08-06 04:43:12,purchase
22,87,2025-09-06 16:43:12,view
23,74,2025-07-09 04:43:12,checkin
24,94,2025-09-26 18:43:12,view
25,18,2025-09-12 13:43:12,view
26,142,2025-09-10 05:43:12,view
27,195,2025-08-13 00:43:12,view
28,1,2025-07-30 07:43:12,view
29,36,2025-09-20 03:43:12,view
30,11,2025-08-27 19:43:12,checkin
31,83,2025-07-30 09:43:12,purchase
32,160,2025-09-08 08:43:12,purchase
33,62,2025-08-12 01:43:12,purchase
34,107,2025-09-29 01:43:12,view
35,194,2025-07-20 12:43:12,view
36,32,2025-09-22 07:43:12,view
37,68,2025-07-21 01:43:12,purchase
38,150,2025-08-23 11:43:12,view
39,161,2025-08-07 11:43:12,view
40,179,2025-08-22 04:43:12,view
41,99,2025-07-18 04:43:12,view
42,57,2025-07-08 20:43:12,view
43,102,2025-09-18 22:43:12,checkin
44,71,2025-08-02 02:43:12,view
45,92,2025-07-28 23:43:12,purchase
46,44,2025-09-17 03:43:12,view
47,168,2025-07-13 20:43:12,purchase
48,99,2025-08-16 13:43:12,view
49,8,2025-09-27 00:43:12,view
50,92,2025-08-22 13:43:12,view
51,198,2025-09-20 21:43:12,view
52,172,2025-08-17 21:43:12,view
53,24,2025-07-18 23:43:12,purchase
54,173,2025-09-16 14:43:12,purchase
55,159,2025-08-25 07:43:12,purchase
56,173,2025-07-09 22:43:12,view
57,124,2025-09-26 07:43:12,purchase
58,146,2025-07-10 20:43:12,view
59,50,2025-08-21 05:43:12,view
60,112,2025-08-03 06:43:12,view
61,131,2025-09-22 23:43:12,view
62,67,2025-07-23 13:43:12,view
63,101,2025-08-20 04:43:12,view
64,108,2025-07-23 00:43:12,view
65,135,2025-10-01 03:43:12,purchase
66,135,2025-07-17 20:43:12,purchase
67,92,2025-07-24 03:43:12,view
68,68,2025-07-26 09:43:12,view
69,107,2025-08-27 02:43:12,view
70,85,2025-08-17 16:43:12,purchase
71,23,2025-08-26 21:43:12,view
72,195,2025-08-03 23:43:12,checkin
73,162,2025-07-22 13:43:12,view
74,113,2025-09-06 03:43:12,view
75,7,2025-08-09 03:43:12,view
76,46,2025-09-29 20:43:12,view
77,112,2025-08-03 05:43:12,view
78,65,2025-09-13 04:43:12,view
79,142,2025-10-01 19:43:12,view
80,162,2025-09-11 02:43:12,view
81,172,2025-09-24 06:43:12,view
82,61,2025-08-23 04:43:12,view
83,3,2025-10-01 11:43:12,view
84,104,2025-08-18 17:43:12,view
85,8,2025-09-19 15:43:12,view
86,15,2025-07-18 10:43:12,purchase
87,35,2025-09-09 22:43:12,checkin
88,47,2025-07-13 23:43:12,purchase
89,46,2025-08-16 12:43:12,view
90,56,2025-08-25 15:43:12,view
91,84,2025-09-29 03:43:12,view
92,183,2025-09-18 14:43:12,view
93,156,2025-07-07 11:43:12,view
94,53,2025-09-06 02:43:12,view
95,159,2025-09-15 07:43:12,view
96,82,2025-08-13 17:43:12,purchase
97,182,2025-08-18 18:43:12,view
98,25,2025-07-08 03:43:12,view
99,30,2025-08-25 04:43:12,view
100,85,2025-07-28 09:43:12,view
101,137,2025-08-03 05:43:12,checkin
102,9,2025-07-09 19:43:12,view
103,25,2025-08-08 04:43:12,purchase
104,176,2025-08-04 07:43:12,view
105,34,2025-09-20 07:43:12,view
106,28,2025-08-21 18:43:12,view
107,189,2025-09-28 04:43:12,view
108,121,2025-08-11 07:43:12,view
109,5,2025-08-27 04:43:12,view
110,158,2025-07-23 14:43:12,view
111,9,2025-09-29 23:43:12,view
112,19,2025-09-14 21:43:12,view
113,46,2025-09-14 08:43:12,purchase
114,20,2025-08-02 18:43:12,view
115,183,2025-08-25 20:43:12,view
116,124,2025-07-16 08:43:12,purchase
117,140,2025-08-06 01:43:12,checkin
118,176,2025-09-08 11:43:12,purchase
119,34,2025-09-11 01:43:12,view
120,80,2025-09-24 07:43:12,purchase
121,155,2025-08-12 19:43:12,view
122,95,2025-09-30 16:43:12,purchase
123,131,2025-08-13 09:43:12,purchase
124,64,2025-08-02 05:43:12,view
125,33,2025-08-21 06:43:12,checkin
126,185,2025-07-29 14:43:12,view
127,38,2025-08-28 06:43:12,view
128,143,2025-08-14 19:43:12,purchase
129,66,2025-08-29 05:43:12,view
130,163,2025-08-01 12:43:12,view
131,39,2025-09-20 01:43:12,view
132,164,2025-08-31 05:43:12,purchase
133,61,2025-09-07 07:43:12,purchase
134,113,2025-09-28 09:43:12,view
135,178,2025-07-17 20:43:12,checkin
136,3,2025-08-13 00:43:12,purchase
137,143,2025-07-13 14:43:12,view
138,87,2025-10-01 05:43:12,view
139,10,2025-08-22 13:43:12,view
140,28,2025-09-04 10:43:12,view
141,61,2025-08-23 03:43:12,purchase
142,193,2025-08-27 22:43:12,view
143,72,2025-09-13 01:43:12,view
144,100,2025-09-25 05:43:12,purchase
145,144,2025-07-11 21:43:12,view
146,50,2025-07-23 21:43:12,purchase
147,28,2025-09-29 22:43:12,view
148,176,2025-07-13 22:43:12,view
149,200,2025-07-20 19:43:12,view
150,98,2025-07-14 12:43:12,view
151,92,2025-08-14 03:43:12,purchase
152,146,2025-07-04 15:43:12,view
153,132,2025-09-11 06:43:12,view
154,122,2025-09-05 09:43:12,view
155,75,2025-09-05 17:43:12,view
156,50,2025-08-19 21:43:12,view
157,84,2025-08-28 03:43:12,view
158,107,2025-08-22 06:43:12,view
159,110,2025-07-09 12:43:12,purchase
160,123,2025-08-25 14:43:12,view
161,64,2025-07-21 09:43:12,purchase
162,104,2025-08-01 09:43:12,view
163,64,2025-07-30 21:43:12,purchase
164,86,2025-07-13 08:43:12,view
165,170,2025-07-16 04:43:12,purchase
166,4,2025-09-12 17:43:12,view
167,111,2025-09-23 16:43:12,purchase
168,182,2025-09-06 05:43:12,checkin
169,84,2025-08-18 07:43:12,view
170,147,2025-09-25 18:43:12,view
171,81,2025-08-08 09:43:12,view
172,13,2025-09-04 04:43:12,purchase
173,114,2025-07-09 13:43:12,view
174,53,2025-07-26 08:43:12,purchase
175,61,2025-09-27 22:43:12,view
176,6,2025-10-01 19:43:12,purchase
177,81,2025-09-01 18:43:12,view
178,37,2025-09-16 10:43:12,view
179,134,2025-08-29 01:43:12,checkin
180,194,2025-07-13 21:43:12,checkin
181,24,2025-09-05 18:43:12,checkin
182,63,2025-07-21 19:43:12,view
183,182,2025-08-25 22:43:12,checkin
184,134,2025-09-16 05:43:12,view
185,27,2025-08-31 17:43:12,view
186,67,2025-08-25 11:43:12,purchase
187,34,2025-07-26 05:43:12,view
188,122,2025-09-08 13:43:12,view
189,64,2025-09-08 06:43:12,view
190,15,2025-08-10 16:43:12,view
191,140,2025-08-25 12:43:12,view
192,40,2025-09-05 09:43:12,view
193,160,2025-07-14 17:43:12,view
194,112,2025-09-29 03:43:12,purchase
195,159,2025-08-11 14:43:12,view
196,59,2025-07-22 16:43:12,purchase
197,141,2025-07-06 10:43:12,purchase
198,19,2025-09-24 00:43:12,view
199,110,2025-07-11 00:43:12,view
200,143,2025-10-01 16:43:12,view
201,99,2025-08-06 12:43:12,view
202,148,2025-07-08 15:43:12,purchase
203,46,2025-08-23 21:43:12,view
204,34,2025-08-13 20:43:12,checkin
205,197,2025-08-09 01:43:12,view
206,123,2025-07-06 17:43:12,view
207,190,2025-07-23 12:43:12,purchase
208,176,2025-08-10 09:43:12,view
209,53,2025-07-12 08:43:12,view
210,133,2025-07-30 09:43:12,view
211,91,2025-09-26 16:43:12,view
212,173,2025-07-27 23:43:12,purchase
213,188,2025-07-21 17:43:12,purchase
214,95,2025-08-22 09:43:12,view
215,19,2025-07-05 00:43:12,purchase
216,58,2025-09-08 16:43:12,view
217,87,2025-07-13 01:43:12,view
218,182,2025-07-09 08:43:12,view
219,27,2025-09-09 08:43:12,view
220,167,2025-08-05 11:43:12,purchase
221,199,2025-09-09 15:43:12,purchase
222,139,2025-07-10 19:43:12,view
223,152,2025-07-20 08:43:12,view
224,134,2025-09-27 10:43:12,view
225,78,2025-09-10 17:43:12,purchase
226,110,2025-09-29 02:43:12,purchase
227,101,2025-08-23 14:43:12,view
228,72,2025-07-27 04:43:12,purchase
229,149,2025-07-13 17:43:12,view
230,144,2025-09-07 22:43:12,purchase
231,173,2025-09-14 00:43:12,view
232,161,2025-08-08 07:43:12,purchase
233,188,2025-07-31 13:43:12,view
234,197,2025-08-03 12:43:12,purchase
235,136,2025-07-05 11:43:12,purchase
236,21,2025-09-07 16:43:12,view
237,29,2025-09-25 04:43:12,view
238,44,2025-07-25 00:43:12,checkin
239,11,2025-07-27 04:43:12,checkin
240,145,2025-07-08 04:43:12,view
241,128,2025-08-26 21:43:12,view
242,73,2025-07-26 18:43:12,purchase
243,81,2025-09-28 03:43:12,view
244,69,2025-08-02 23:43:12,purchase
245,18,2025-08-26 02:43:12,checkin
246,29,2025-09-25 04:43:12,view
247,101,2025-08-03 16:43:12,view
248,83,2025-09-11 12:43:12,view
249,71,2025-07-19 05:43:12,view
250,64,2025-08-16 19:43:12,view
251,105,2025-07-31 10:43:12,view
252,178,2025-08-18 02:43:12,view
253,194,2025-09-17 19:43:12,purchase
254,59,2025-08-11 04:43:12,purchase
255,67,2025-08-07 17:43:12,checkin
256,68,2025-09-09 08:43:12,view
257,154,2025-09-07 00:43:12,view
258,86,2025-09-10 05:43:12,view
259,132,2025-09-16 17:43:12,view
260,149,2025-08-13 05:43:12,purchase
261,4,2025-07-19 16:43:12,purchase
262,132,2025-07-24 08:43:12,checkin
263,143,2025-09-15 13:43:12,purchase
264,129,2025-07-16 21:43:12,view
265,149,2025-09-20 09:43:12,purchase
266,81,2025-07-03 17:43:12,purchase
267,125,2025-07-12 01:43:12,view
268,91,2025-08-30 21:43:12,view
269,124,2025-09-29 03:43:12,purchase
270,13,2025-09-19 18:43:12,purchase
271,67,2025-08-05 00:43:12,purchase
272,78,2025-07-09 21:43:12,purchase
273,151,2025-07-26 09:43:12,view
274,157,2025-07-27 17:43:12,view
275,76,2025-08-25 18:43:12,view
276,183,2025-09-20 14:43:12,purchase
277,191,2025-08-22 15:43:12,purchase
278,77,2025-08-16 23:43:12,view
279,65,2025-09-01 00:43:12,view
280,182,2025-10-01 08:43:12,checkin
281,121,2025-09-30 05:43:12,purchase
282,8,2025-09-09 04:43:12,purchase
283,156,2025-07-23 22:43:12,purchase
284,86,2025-09-27 07:43:12,purchase
285,187,2025-08-14 14:43:12,checkin
286,44,2025-08-30 07:43:12,purchase
287,200,2025-09-30 06:43:12,purchase
288,107,2025-09-28 03:43:12,view
289,103,2025-08-17 09:43:12,checkin
290,20,2025-07-26 02:43:12,view
291,185,2025-08-31 02:43:12,purchase
292,168,2025-08-05 18:43:12,view
293,199,2025-08-12 20:43:12,view
294,98,2025-08-30 05:43:12,view
295,44,2025-08-26 13:43:12,view
296,172,2025-07-22 20:43:12,view
297,149,2025-08-01 06:43:12,purchase
298,12,2025-08-04 06:43:12,purchase
299,168,2025-08-07 16:43:12,view
300,91,2025-09-01 00:43:12,view
301,99,2025-07-06 20:43:12,view
302,15,2025-08-18 02:43:12,view
303,116,2025-08-15 19:43:12,view
304,187,2025-08-04 10:43:12,purchase
305,36,2025-07-06 07:43:12,checkin
306,116,2025-07-29 08:43:12,view
307,166,2025-09-05 00:43:12,view
308,119,2025-08-15 06:43:12,view
309,48,2025-07-31 15:43:12,purchase
310,96,2025-07-11 03:43:12,view
311,188,2025-09-27 15:43:12,view
312,124,2025-09-13 21:43:12,view
313,74,2025-09-13 21:43:12,purchase
314,56,2025-07-13 12:43:12,checkin
315,14,2025-08-11 23:43:12,purchase
316,157,2025-07-27 02:43:12,checkin
317,43,2025-09-07 22:43:12,view
318,123,2025-08-15 13:43:12,checkin
319,187,2025-07-05 08:43:12,view
320,90,2025-09-13 23:43:12,view
321,81,2025-08-10 12:43:12,view
322,112,2025-08-18 11:43:12,purchase
323,99,2025-09-14 00:43:12,view
324,187,2025-08-14 18:43:12,purchase
325,121,2025-09-04 16:43:12,purchase
326,120,2025-08-29 16:43:12,view
327,45,2025-09-11 12:43:12,view
328,47,2025-07-23 02:43:12,purchase
329,65,2025-07-07 22:43:12,purchase
330,98,2025-07-14 00:43:12,view
331,109,2025-08-05 02:43:12,view
332,94,2025-09-08 07:43:12,view
333,15,2025-09-16 06:43:12,view
334,186,2025-07-24 21:43:12,view
335,39,2025-09-08 18:43:12,purchase
336,189,2025-07-22 10:43:12,purchase
337,109,2025-07-05 02:43:12,purchase
338,115,2025-08-13 18:43:12,view
339,125,2025-07-09 10:43:12,view
340,200,2025-09-09 03:43:12,view
341,122,2025-07-06 07:43:12,purchase
342,75,2025-08-26 09:43:12,checkin
343,163,2025-08-16 18:43:12,view
344,110,2025-07-19 12:43:12,view
345,59,2025-09-25 07:43:12,checkin
346,93,2025-10-01 09:43:12,view
347,95,2025-09-15 12:43:12,view
348,28,2025-09-04 12:43:12,view
349,189,2025-08-26 02:43:12,view
350,94,2025-07-25 23:43:12,view
351,103,2025-08-28 19:43:12,view
352,8,2025-07-11 02:43:12,checkin
353,74,2025-08-05 18:43:12,checkin
354,137,2025-08-25 22:43:12,checkin
355,37,2025-07-12 12:43:12,purchase
356,6,2025-08-19 13:43:12,checkin
357,38,2025-09-17 15:43:12,view
358,9,2025-07-08 00:43:12,purchase
359,193,2025-08-03 14:43:12,purchase
360,116,2025-09-23 15:43:12,purchase
361,77,2025-07-16 16:43:12,view
362,198,2025-09-25 16:43:12,view
363,89,2025-09-26 00:43:12,view
364,70,2025-07-24 18:43:12,view
365,68,2025-08-20 00:43:12,purchase
366,115,2025-07-29 10:43:12,view
367,47,2025-08-27 02:43:12,view
368,77,2025-08-18 19:43:12,purchase
369,7,2025-08-27 22:43:12,view
370,149,2025-08-26 05:43:12,view
371,15,2025-07-05 12:43:12,view
372,36,2025-09-09 02:43:12,view
373,8,2025-09-22 19:43:12,checkin
374,136,2025-07-12 01:43:12,purchase
375,181,2025-08-21 10:43:12,purchase
376,81,2025-07-20 06:43:12,view
377,167,2025-07-21 21:43:12,purchase
378,200,2025-08-16 05:43:12,view
379,46,2025-09-27 04:43:12,view
380,61,2025-07-05 04:43:12,view
381,162,2025-08-18 11:43:12,view
382,17,2025-07-21 19:43:12,view
383,131,2025-08-04 15:43:12,checkin
384,7,2025-07-12 10:43:12,view
385,155,2025-09-27 19:43:12,view
386,154,2025-07-28 20:43:12,purchase
387,12,2025-08-30 16:43:12,checkin
388,152,2025-08-08 01:43:12,purchase
389,11,2025-09-11 14:43:12,view
390,77,2025-08-07 16:43:12,view
391,72,2025-09-20 10:43:12,purchase
392,50,2025-09-03 19:43:12,purchase
393,17,2025-07-22 20:43:12,view
394,84,2025-09-25 06:43:12,view
395,69,2025-09-11 06:43:12,purchase
396,44,2025-09-05 14:43:12,purchase
397,189,2025-07-19 05:43:12,view
398,56,2025-07-27 09:43:12,checkin
399,136,2025-07-25 21:43:12,view
400,48,2025-08-29 11:43:12,view
401,91,2025-08-14 22:43:12,view
402,13,2025-09-30 07:43:12,view
403,140,2025-07-06 19:43:12,view
404,199,2025-07-31 13:43:12,view
405,193,2025-08-02 11:43:12,view
406,65,2025-09-25 14:43:12,checkin
407,156,2025-07-27 17:43:12,purchase
408,139,2025-07-06 15:43:12,view
409,127,2025-09-08 20:43:12,view
410,99,2025-08-03 19:43:12,view
411,145,2025-08-01 09:43:12,view
412,36,2025-09-17 20:43:12,view
413,83,2025-09-19 04:43:12,view
414,30,2025-07-14 19:43:12,view
415,48,2025-09-23 04:43:12,view
416,102,2025-08-12 06:43:12,checkin
417,74,2025-07-20 02:43:12,view
418,17,2025-08-20 04:43:12,view
419,48,2025-09-04 15:43:12,view
420,179,2025-08-14 07:43:12,purchase
421,186,2025-09-14 01:43:12,view
422,190,2025-09-27 22:43:12,view
423,24,2025-10-02 12:43:12,purchase
424,104,2025-09-23 17:43:12,purchase
425,22,2025-09-10 14:43:12,view
426,5,2025-07-16 06:43:12,purchase
427,80,2025-09-03 12:43:12,view
428,116,2025-08-22 05:43:12,view
429,111,2025-07-12 14:43:12,view
430,131,2025-09-30 06:43:12,checkin
431,143,2025-07-24 20:43:12,view
432,96,2025-07-06 13:43:12,view
433,163,2025-08-15 10:43:12,view
434,190,2025-08-23 05:43:12,view
435,35,2025-07-16 09:43:12,view
436,181,2025-09-06 22:43:12,purchase
437,123,2025-09-07 09:43:12,purchase
438,86,2025-08-21 08:43:12,checkin
439,174,2025-09-04 23:43:12,view
440,79,2025-07-15 01:43:12,purchase
441,142,2025-07-04 16:43:12,checkin
442,122,2025-09-17 08:43:12,checkin
443,192,2025-09-04 21:43:12,purchase
444,200,2025-07-17 01:43:12,view
445,147,2025-08-01 20:43:12,checkin
446,127,2025-08-27 17:43:12,view
447,177,2025-09-23 09:43:12,purchase
448,57,2025-09-14 21:43:12,purchase
449,78,2025-07-13 16:43:12,view
450,112,2025-09-20 11:43:12,view
451,8,2025-07-24 11:43:12,view
452,15,2025-07-06 16:43:12,view
453,89,2025-07-22 05:43:12,view
454,74,2025-07-21 12:43:12,view
455,120,2025-07-29 10:43:12,view
456,41,2025-08-14 17:43:12,view
457,181,2025-07-09 11:43:12,view
458,174,2025-07-24 16:43:12,view
459,157,2025-09-04 15:43:12,view
460,24,2025-08-07 02:43:12,view
461,155,2025-08-06 06:43:12,view
462,92,2025-09-08 14:43:12,view
463,29,2025-09-10 21:43:12,purchase
464,28,2025-09-28 21:43:12,purchase
465,172,2025-08-30 23:43:12,purchase
466,112,2025-07-22 01:43:12,checkin
467,31,2025-08-28 16:43:12,view
468,171,2025-09-01 22:43:12,purchase
469,181,2025-08-18 17:43:12,view
470,181,2025-09-01 08:43:12,view
471,101,2025-07-26 14:43:12,view
472,37,2025-07-16 08:43:12,purchase
473,128,2025-07-28 14:43:12,view
474,80,2025-07-07 12:43:12,view
475,17,2025-09-12 01:43:12,view
476,98,2025-09-25 01:43:12,view
477,174,2025-08-19 10:43:12,view
478,48,2025-09-03 02:43:12,purchase
479,131,2025-09-27 11:43:12,view
480,121,2025-07-28 06:43:12,view
481,172,2025-10-01 02:43:12,view
482,193,2025-08-03 23:43:12,view
483,196,2025-07-15 17:43:12,purchase
484,41,2025-08-23 16:43:12,purchase
485,139,2025-07-22 14:43:12,view
486,158,2025-08-18 14:43:12,purchase
487,160,2025-07-19 08:43:12,view
488,61,2025-08-20 00:43:12,checkin
489,175,2025-07-05 00:43:12,purchase
490,105,2025-09-04 06:43:12,view
491,21,2025-08-24 18:43:12,checkin
492,35,2025-07-17 00:43:12,purchase
493,37,2025-09-26 20:43:12,view
494,162,2025-09-21 09:43:12,view
495,119,2025-08-22 02:43:12,view
496,168,2025-09-07 00:43:12,view
497,108,2025-09-26 14:43:12,view
498,69,2025-07-16 03:43:12,view
499,65,2025-08-28 21:43:12,purchase
500,176,2025-09-02 22:43:12,view
501,186,2025-07-26 08:43:12,purchase
502,160,2025-08-17 11:43:12,view
503,141,2025-07-07 07:43:12,view
504,117,2025-08-01 14:43:12,view
505,134,2025-07-15 17:43:12,purchase
506,166,2025-08-10 05:43:12,view
507,103,2025-08-27 03:43:12,purchase
508,194,2025-08-01 07:43:12,purchase
509,16,2025-07-07 10:43:12,purchase
510,69,2025-08-10 23:43:12,view
511,54,2025-07-29 14:43:12,view
512,81,2025-07-17 05:43:12,purchase
513,36,2025-07-19 09:43:12,view
514,165,2025-07-14 19:43:12,view
515,15,2025-07-04 10:43:12,view
516,143,2025-08-10 04:43:12,purchase
517,120,2025-09-01 03:43:12,checkin
518,99,2025-07-28 20:43:12,purchase
519,100,2025-07-10 21:43:12,purchase
520,176,2025-09-23 12:43:12,view
521,166,2025-08-06 03:43:12,view
522,104,2025-08-13 21:43:12,purchase
523,199,2025-08-20 18:43:12,view
524,34,2025-08-16 06:43:12,view
525,15,2025-08-25 04:43:12,view
526,43,2025-07-13 16:43:12,view
527,114,2025-09-02 21:43:12,view
528,66,2025-07-07 19:43:12,purchase
529,40,2025-08-04 17:43:12,view
530,173,2025-09-27 08:43:12,view
531,42,2025-07-10 16:43:12,purchase
532,74,2025-08-17 18:43:12,view
533,48,2025-09-23 14:43:12,view
534,17,2025-07-17 18:43:12,view
535,139,2025-08-17 08:43:12,purchase
536,43,2025-08-17 17:43:12,view
537,195,2025-08-06 15:43:12,purchase
538,47,2025-07-10 12:43:12,view
539,173,2025-09-21 09:43:12,checkin
540,190,2025-07-06 04:43:12,view
541,25,2025-09-13 10:43:12,view
542,162,2025-09-16 17:43:12,purchase
543,32,2025-07-09 14:43:12,view
544,149,2025-07-04 09:43:12,view
545,15,2025-07-06 19:43:12,purchase
546,38,2025-07-27 02:43:12,purchase
547,73,2025-09-28 04:43:12,view
548,159,2025-08-30 23:43:12,purchase
549,160,2025-07-10 17:43:12,view
550,49,2025-07-27 00:43:12,view
551,129,2025-07-25 11:43:12,checkin
552,167,2025-07-26 17:43:12,view
553,101,2025-08-19 01:43:12,view
554,73,2025-07-28 11:43:12,view
555,143,2025-08-29 00:43:12,purchase
556,128,2025-08-16 15:43:12,view
557,94,2025-09-21 13:43:12,view
558,13,2025-10-01 19:43:12,view
559,152,2025-08-02 15:43:12,checkin
560,61,2025-09-18 17:43:12,view
561,98,2025-08-26 05:43:12,checkin
562,182,2025-09-01 09:43:12,view
563,151,2025-10-01 22:43:12,purchase
564,113,2025-08-18 11:43:12,purchase
565,28,2025-09-24 00:43:12,purchase
566,6,2025-08-03 17:43:12,view
567,23,2025-09-09 12:43:12,view
568,134,2025-09-21 16:43:12,checkin
569,3,2025-09-15 08:43:12,view
570,54,2025-08-15 03:43:12,view
571,180,2025-09-26 03:43:12,view
572,104,2025-07-29 10:43:12,purchase
573,163,2025-08-17 18:43:12,purchase
574,171,2025-09-29 22:43:12,checkin
575,172,2025-07-09 07:43:12,purchase
576,128,2025-08-18 02:43:12,checkin
577,7,2025-07-13 19:43:12,view
578,156,2025-08-19 23:43:12,view
579,65,2025-07-25 16:43:12,view
580,188,2025-08-27 02:43:12,view
581,78,2025-09-19 02:43:12,view
582,70,2025-07-12 10:43:12,view
583,116,2025-07-05 22:43:12,view
584,31,2025-09-19 05:43:12,view
585,72,2025-07-31 09:43:12,purchase
586,181,2025-08-08 01:43:12,view
587,152,2025-08-30 07:43:12,purchase
588,194,2025-07-20 16:43:12,view
589,131,2025-09-01 17:43:12,purchase
590,177,2025-08-06 23:43:12,checkin
591,115,2025-08-03 23:43:12,view
592,30,2025-07-17 13:43:12,view
593,51,2025-09-24 08:43:12,view
594,186,2025-07-21 05:43:12,purchase
595,130,2025-07-14 16:43:12,view
596,86,2025-09-18 06:43:12,purchase
597,91,2025-08-16 20:43:12,checkin
598,32,2025-08-25 09:43:12,view
599,114,2025-07-18 16:43:12,checkin
600,140,2025-08-20 13:43:12,view
601,92,2025-09-28 09:43:12,view
602,137,2025-09-19 05:43:12,view
603,41,2025-07-19 01:43:12,purchase
604,100,2025-10-01 04:43:12,purchase
605,126,2025-08-10 11:43:12,purchase
606,166,2025-07-22 09:43:12,view
607,128,2025-09-05 06:43:12,view
608,165,2025-09-02 18:43:12,view
609,143,2025-09-16 20:43:12,purchase
610,148,2025-07-26 13:43:12,checkin
611,137,2025-07-28 05:43:12,purchase
612,37,2025-09-02 08:43:12,view
613,135,2025-09-19 21:43:12,view
614,12,2025-09-23 08:43:12,purchase
615,68,2025-08-03 07:43:12,purchase
616,18,2025-10-01 05:43:12,view
617,198,2025-09-23 18:43:12,purchase
618,48,2025-09-07 16:43:12,view
619,55,2025-08-10 11:43:12,checkin
620,29,2025-09-03 19:43:12,view
621,170,2025-08-04 12:43:12,checkin
622,119,2025-09-19 19:43:12,purchase
623,133,2025-09-23 23:43:12,view
624,34,2025-08-28 19:43:12,purchase
625,149,2025-08-17 02:43:12,view
626,136,2025-09-07 04:43:12,view
627,190,2025-08-06 08:43:12,purchase
628,168,2025-07-04 06:43:12,purchase
629,170,2025-08-13 19:43:12,view
630,121,2025-09-11 02:43:12,purchase
631,149,2025-09-22 05:43:12,purchase
632,181,2025-08-17 15:43:12,purchase
633,154,2025-07-14 03:43:12,view
634,164,2025-09-02 21:43:12,view
635,140,2025-08-04 00:43:12,view
636,96,2025-08-04 23:43:12,purchase
637,26,2025-09-09 22:43:12,view
638,88,2025-08-02 08:43:12,purchase
639,55,2025-09-22 19:43:12,purchase
640,14,2025-07-30 11:43:12,purchase
641,29,2025-07-21 09:43:12,purchase
642,98,2025-07-11 20:43:12,view
643,92,2025-09-03 10:43:12,view
644,191,2025-09-08 18:43:12,view
645,175,2025-08-09 20:43:12,checkin
646,158,2025-09-05 22:43:12,view
647,135,2025-07-21 17:43:12,purchase
648,9,2025-07-24 21:43:12,purchase
649,45,2025-08-10 14:43:12,view
650,112,2025-07-09 14:43:12,view
651,48,2025-09-11 10:43:12,purchase
652,134,2025-08-21 21:43:12,checkin
653,28,2025-07-09 09:43:12,view
654,107,2025-08-03 05:43:12,view
655,14,2025-07-20 08:43:12,view
656,178,2025-07-24 02:43:12,view
657,103,2025-08-16 18:43:12,checkin
658,191,2025-07-14 02:43:12,view
659,192,2025-09-18 03:43:12,view
660,79,2025-07-23 02:43:12,checkin
661,31,2025-08-24 04:43:12,view
662,7,2025-07-18 22:43:12,purchase
663,54,2025-09-01 12:43:12,view
664,71,2025-08-30 15:43:12,view
665,90,2025-09-18 00:43:12,purchase
666,139,2025-08-22 09:43:12,purchase
667,141,2025-09-03 13:43:12,view
668,114,2025-09-19 19:43:12,view
669,11,2025-07-06 02:43:12,view
670,16,2025-09-23 15:43:12,checkin
671,189,2025-07-14 23:43:12,checkin
672,51,2025-08-02 16:43:12,view
673,15,2025-08-12 21:43:12,view
674,162,2025-07-27 13:43:12,view
675,106,2025-09-18 12:43:12,purchase
676,171,2025-08-17 21:43:12,purchase
677,119,2025-08-15 17:43:12,view
678,194,2025-08-27 15:43:12,view
679,130,2025-09-29 13:43:12,purchase
680,8,2025-09-03 08:43:12,view
681,191,2025-07-18 06:43:12,view
682,122,2025-09-27 11:43:12,view
683,55,2025-08-16 00:43:12,view
684,160,2025-09-02 11:43:12,view
685,160,2025-07-12 23:43:12,purchase
686,164,2025-08-13 16:43:12,view
687,86,2025-09-08 03:43:12,view
688,94,2025-07-31 11:43:12,purchase
689,108,2025-09-01 18:43:12,view
690,165,2025-07-28 10:43:12,view
691,110,2025-08-04 10:43:12,view
692,159,2025-08-13 05:43:12,purchase
693,22,2025-09-10 05:43:12,view
694,158,2025-08-15 15:43:12,view
695,36,2025-08-12 10:43:12,purchase
696,119,2025-09-18 10:43:12,view
697,112,2025-09-25 10:43:12,view
698,25,2025-08-14 04:43:12,view
699,71,2025-09-27 06:43:12,purchase
700,166,2025-08-01 08:43:12,view
701,74,2025-08-17 00:43:12,purchase
702,28,2025-07-23 11:43:12,purchase
703,3,2025-08-15 15:43:12,view
704,170,2025-07-13 03:43:12,view
705,49,2025-09-02 11:43:12,purchase
706,195,2025-08-17 18:43:12,view
707,197,2025-09-01 08:43:12,view
708,25,2025-08-05 05:43:12,view
709,146,2025-08-14 12:43:12,view
710,191,2025-07-21 19:43:12,purchase
711,19,2025-07-11 20:43:12,checkin
712,142,2025-07-13 09:43:12,view
713,148,2025-08-14 18:43:12,view
714,127,2025-09-24 02:43:12,view
715,187,2025-09-03 09:43:12,view
716,55,2025-07-17 12:43:12,checkin
717,157,2025-07-18 13:43:12,view
718,44,2025-08-08 12:43:12,purchase
719,184,2025-09-14 06:43:12,view
720,15,2025-07-19 12:43:12,view
721,80,2025-09-07 11:43:12,view
722,191,2025-07-27 19:43:12,purchase
723,179,2025-08-13 19:43:12,checkin
724,182,2025-08-11 12:43:12,view
725,114,2025-10-01 18:43:12,checkin
726,19,2025-09-01 08:43:12,purchase
727,135,2025-08-26 03:43:12,view
728,52,2025-10-01 23:43:12,view
729,117,2025-10-01 17:43:12,view
730,63,2025-09-29 15:43:12,view
731,179,2025-09-15 15:43:12,checkin
732,48,2025-08-16 02:43:12,purchase
733,50,2025-07-10 06:43:12,purchase
734,5,2025-07-25 09:43:12,view
735,100,2025-08-17 15:43:12,view
736,134,2025-08-19 00:43:12,view
737,98,2025-07-13 06:43:12,view
738,90,2025-09-05 20:43:12,view
739,104,2025-07-26 18:43:12,view
740,21,2025-07-09 05:43:12,view
741,67,2025-10-01 05:43:12,view
742,84,2025-07-04 23:43:12,view
743,76,2025-07-15 01:43:12,checkin
744,101,2025-07-19 08:43:12,view
745,22,2025-07-14 19:43:12,view
746,103,2025-10-01 10:43:12,view
747,47,2025-09-09 17:43:12,purchase
748,193,2025-09-26 05:43:12,purchase
749,95,2025-07-12 13:43:12,view
750,125,2025-08-04 18:43:12,view
751,159,2025-08-02 10:43:12,view
752,67,2025-10-01 16:43:12,purchase
753,61,2025-08-18 03:43:12,view
754,57,2025-07-16 01:43:12,view
755,9,2025-08-11 01:43:12,purchase
756,76,2025-09-02 20:43:12,purchase
757,196,2025-08-27 00:43:12,view
758,65,2025-07-22 17:43:12,view
759,17,2025-09-16 10:43:12,checkin
760,197,2025-09-02 12:43:12,purchase
761,112,2025-09-21 15:43:12,view
762,162,2025-07-20 16:43:12,checkin
763,34,2025-07-10 16:43:12,checkin
764,155,2025-09-07 22:43:12,view
765,21,2025-07-04 09:43:12,view
766,150,2025-09-13 23:43:12,purchase
767,153,2025-09-19 16:43:12,purchase
768,111,2025-09-03 20:43:12,checkin
769,21,2025-09-17 19:43:12,view
770,32,2025-07-12 07:43:12,view
771,44,2025-07-24 17:43:12,view
772,125,2025-07-18 19:43:12,view
773,145,2025-07-06 02:43:12,view
774,144,2025-08-30 13:43:12,view
775,30,2025-09-20 18:43:12,view
776,118,2025-07-10 23:43:12,view
777,32,2025-07-20 12:43:12,view
778,129,2025-08-09 01:43:12,view
779,133,2025-08-05 03:43:12,view
780,73,2025-07-26 06:43:12,purchase
781,120,2025-08-26 02:43:12,view
782,176,2025-09-07 06:43:12,view
783,108,2025-07-05 03:43:12,checkin
784,137,2025-07-09 23:43:12,view
785,200,2025-08-12 11:43:12,view
786,84,2025-09-20 02:43:12,view
787,18,2025-08-31 01:43:12,purchase
788,118,2025-08-08 03:43:12,view
789,200,2025-08-27 08:43:12,purchase
790,64,2025-07-05 00:43:12,view
791,129,2025-08-09 17:43:12,checkin
792,63,2025-09-09 10:43:12,checkin
793,48,2025-08-06 04:43:12,view
794,151,2025-07-06 11:43:12,view
795,126,2025-07-15 11:43:12,view
796,34,2025-08-13 12:43:12,view
797,36,2025-09-05 15:43:12,view
798,198,2025-08-07 04:43:12,view
799,195,2025-09-05 05:43:12,purchase
800,38,2025-09-08 20:43:12,view
801,92,2025-08-31 20:43:12,view
802,162,2025-09-21 10:43:12,view
803,102,2025-08-10 22:43:12,view
804,174,2025-09-22 12:43:12,purchase
805,120,2025-08-29 02:43:12,view
806,183,2025-08-11 05:43:12,purchase
807,63,2025-07-20 11:43:12,view
808,180,2025-08-02 20:43:12,view
809,112,2025-07-14 20:43:12,view
810,186,2025-09-29 02:43:12,view
811,7,2025-08-29 14:43:12,purchase
812,126,2025-09-29 03:43:12,view
813,95,2025-09-11 21:43:12,purchase
814,98,2025-07-24 07:43:12,view
815,134,2025-08-03 03:43:12,view
816,113,2025-07-24 11:43:12,purchase
817,145,2025-09-21 16:43:12,view
818,183,2025-10-01 13:43:12,view
819,1,2025-09-09 05:43:12,view
820,32,2025-07-24 02:43:12,purchase
821,173,2025-09-17 13:43:12,view
822,74,2025-09-28 16:43:12,view
823,148,2025-09-06 02:43:12,purchase
824,34,2025-08-06 09:43:12,purchase
825,58,2025-07-19 01:43:12,purchase
826,37,2025-08-26 20:43:12,purchase
827,51,2025-08-20 12:43:12,purchase
828,51,2025-07-15 01:43:12,checkin
829,47,2025-09-04 22:43:12,purchase
830,54,2025-09-01 22:43:12,view
831,170,2025-09-13 12:43:12,purchase
832,124,2025-09-18 07:43:12,purchase
833,96,2025-08-03 14:43:12,view
834,93,2025-09-03 11:43:12,view
835,86,2025-07-13 09:43:12,view
836,50,2025-08-27 15:43:12,purchase
837,41,2025-10-01 10:43:12,view
838,12,2025-09-22 18:43:12,view
839,22,2025-09-08 22:43:12,purchase
840,35,2025-07-12 16:43:12,view
841,116,2025-09-05 10:43:12,purchase
842,130,2025-07-05 09:43:12,view
843,177,2025-09-07 07:43:12,view
844,173,2025-09-28 15:43:12,checkin
845,68,2025-08-27 06:43:12,view
846,196,2025-09-21 00:43:12,view
847,112,2025-07-30 08:43:12,view
848,87,2025-09-01 20:43:12,view
849,45,2025-09-16 05:43:12,checkin
850,46,2025-07-25 02:43:12,view
851,174,2025-08-09 08:43:12,view
852,39,2025-07-23 09:43:12,purchase
853,139,2025-09-05 22:43:12,purchase
854,125,2025-07-09 05:43:12,purchase
855,66,2025-08-13 03:43:12,view
856,126,2025-08-11 02:43:12,view
857,178,2025-10-01 19:43:12,purchase
858,46,2025-07-10 21:43:12,view
859,163,2025-07-21 17:43:12,view
860,182,2025-08-09 23:43:12,view
861,123,2025-07-14 06:43:12,view
862,116,2025-09-23 21:43:12,purchase
863,57,2025-08-09 18:43:12,view
864,199,2025-08-20 17:43:12,view
865,78,2025-08-19 07:43:12,view
866,18,2025-08-29 12:43:12,view
867,145,2025-08-07 04:43:12,view
868,91,2025-09-28 07:43:12,view
869,86,2025-09-11 10:43:12,checkin
870,103,2025-07-18 02:43:12,checkin
871,94,2025-09-29 14:43:12,view
872,161,2025-09-19 20:43:12,purchase
873,31,2025-08-11 18:43:12,view
874,9,2025-08-30 16:43:12,view
875,48,2025-09-04 00:43:12,purchase
876,182,2025-08-03 21:43:12,view
877,168,2025-07-28 14:43:12,view
878,32,2025-08-20 04:43:12,view
879,85,2025-07-28 18:43:12,view
880,59,2025-07-12 20:43:12,view
881,134,2025-09-25 15:43:12,purchase
882,152,2025-07-19 13:43:12,purchase
883,171,2025-07-15 02:43:12,view
884,107,2025-10-01 08:43:12,purchase
885,26,2025-07-09 16:43:12,purchase
886,108,2025-09-16 14:43:12,view
887,126,2025-09-25 16:43:12,checkin
888,72,2025-09-29 12:43:12,view
889,68,2025-07-04 08:43:12,view
890,168,2025-08-09 23:43:12,purchase
891,28,2025-07-04 21:43:12,view
892,65,2025-08-21 14:43:12,view
893,24,2025-09-05 06:43:12,view
894,1,2025-09-21 23:43:12,view
895,26,2025-09-08 17:43:12,view
896,124,2025-09-10 03:43:12,checkin
897,164,2025-09-14 18:43:12,view
898,163,2025-07-21 15:43:12,view
899,25,2025-09-01 05:43:12,view
900,146,2025-08-10 17:43:12,checkin
901,107,2025-08-02 06:43:12,view
902,97,2025-09-10 22:43:12,view
903,50,2025-08-09 21:43:12,checkin
904,139,2025-08-14 03:43:12,view
905,37,2025-07-06 06:43:12,purchase
906,188,2025-08-12 06:43:12,purchase
907,90,2025-09-13 23:43:12,view
908,36,2025-08-06 12:43:12,purchase
909,159,2025-08-13 13:43:12,view
910,44,2025-07-22 05:43:12,view
911,105,2025-07-10 01:43:12,purchase
912,122,2025-09-27 18:43:12,view
913,200,2025-10-02 01:43:12,view
914,50,2025-07-16 01:43:12,purchase
915,148,2025-08-10 07:43:12,checkin
916,91,2025-07-08 11:43:12,view
917,30,2025-08-31 08:43:12,view
918,83,2025-08-14 11:43:12,view
919,176,2025-07-07 07:43:12,purchase
920,58,2025-08-10 19:43:12,view
921,152,2025-08-10 09:43:12,view
922,171,2025-08-15 14:43:12,purchase
923,123,2025-07-14 15:43:12,view
924,178,2025-09-17 06:43:12,view
925,142,2025-09-18 19:43:12,view
926,19,2025-07-28 20:43:12,purchase
927,66,2025-08-24 19:43:12,view
928,162,2025-07-17 03:43:12,view
929,176,2025-08-10 12:43:12,view
930,124,2025-07-12 20:43:12,checkin
931,89,2025-08-01 21:43:12,view
932,54,2025-09-04 01:43:12,view
933,35,2025-09-26 18:43:12,purchase
934,103,2025-09-13 11:43:12,purchase
935,149,2025-08-18 05:43:12,view
936,197,2025-09-12 20:43:12,purchase
937,113,2025-07-23 14:43:12,purchase
938,9,2025-09-04 04:43:12,purchase
939,97,2025-07-14 18:43:12,view
940,66,2025-08-30 10:43:12,purchase
941,39,2025-07-09 05:43:12,view
942,91,2025-07-09 17:43:12,view
943,95,2025-08-19 16:43:12,view
944,7,2025-08-10 01:43:12,purchase
945,179,2025-07-21 08:43:12,purchase
946,196,2025-07-08 07:43:12,checkin
947,196,2025-09-01 23:43:12,purchase
948,106,2025-09-14 15:43:12,checkin
949,92,2025-09-11 14:43:12,purchase
950,12,2025-09-01 22:43:12,checkin
951,46,2025-08-20 13:43:12,view
952,127,2025-08-10 10:43:12,purchase
953,154,2025-08-31 21:43:12,view
954,186,2025-08-26 04:43:12,purchase
955,64,2025-08-30 18:43:12,view
956,146,2025-07-29 04:43:12,view
957,144,2025-07-19 13:43:12,view
958,51,2025-07-25 20:43:12,view
959,18,2025-07-28 00:43:12,view
960,32,2025-09-10 23:43:12,purchase
961,99,2025-09-28 23:43:12,checkin
962,117,2025-09-09 13:43:12,view
963,39,2025-08-21 20:43:12,view
964,69,2025-09-17 12:43:12,view
965,151,2025-09-12 05:43:12,view
966,124,2025-09-16 13:43:12,purchase
967,157,2025-09-02 04:43:12,view
968,30,2025-07-22 18:43:12,checkin
969,197,2025-08-25 01:43:12,view
970,147,2025-08-23 07:43:12,view
971,107,2025-09-06 05:43:12,view
972,117,2025-07-06 11:43:12,view
973,187,2025-07-22 02:43:12,purchase
974,28,2025-07-21 10:43:12,checkin
975,147,2025-08-20 11:43:12,view
976,186,2025-07-24 22:43:12,view
977,51,2025-07-05 07:43:12,view
978,79,2025-09-14 05:43:12,purchase
979,116,2025-08-27 06:43:12,checkin
980,22,2025-07-28 20:43:12,view
981,155,2025-08-12 23:43:12,view
982,163,2025-09-29 09:43:12,view
983,152,2025-08-09 18:43:12,view
984,117,2025-07-09 04:43:12,view
985,158,2025-09-21 06:43:12,purchase
986,111,2025-09-25 00:43:12,view
987,141,2025-08-31 08:43:12,view
988,173,2025-07-13 15:43:12,view
989,8,2025-07-14 10:43:12,view
990,186,2025-09-21 22:43:12,view
991,127,2025-09-27 07:43:12,purchase
992,141,2025-08-15 23:43:12,view
993,190,2025-08-22 14:43:12,view
994,110,2025-08-07 06:43:12,purchase
995,165,2025-09-15 10:43:12,purchase
996,158,2025-07-17 19:43:12,purchase
997,150,2025-08-22 09:43:12,view
998,164,2025-08-19 18:43:12,checkin
999,170,2025-08-12 21:43:12,view
1000,96,2025-07-05 11:43:12,purchase
1001,160,2025-07-24 06:43:12,view
1002,77,2025-08-08 22:43:12,view
1003,110,2025-07-26 20:43:12,purchase
1004,137,2025-08-20 07:43:12,view
1005,102,2025-07-06 21:43:12,view
1006,110,2025-09-22 12:43:12,checkin
1007,22,2025-09-15 19:43:12,checkin
1008,178,2025-07-22 12:43:12,view
1009,46,2025-08-25 08:43:12,purchase
1010,165,2025-08-08 21:43:12,view
1011,68,2025-09-07 18:43:12,view
1012,24,2025-08-14 18:43:12,checkin
1013,183,2025-09-26 03:43:12,view
1014,20,2025-09-29 07:43:12,checkin
1015,137,2025-09-13 02:43:12,view
1016,148,2025-07-15 16:43:12,view
1017,74,2025-09-15 06:43:12,purchase
1018,129,2025-07-20 01:43:12,view
1019,80,2025-09-07 06:43:12,purchase
1020,15,2025-09-06 18:43:12,purchase
1021,79,2025-07-13 20:43:12,purchase
1022,7,2025-09-28 09:43:12,purchase
1023,142,2025-09-27 02:43:12,view
1024,134,2025-07-08 23:43:12,purchase
1025,48,2025-08-15 19:43:12,view
1026,53,2025-08-03 20:43:12,view
1027,33,2025-08-28 17:43:12,view
1028,140,2025-08-11 03:43:12,view
1029,107,2025-07-05 22:43:12,view
1030,124,2025-08-05 00:43:12,view
1031,194,2025-08-15 13:43:12,purchase
1032,57,2025-09-08 08:43:12,purchase
1033,32,2025-08-10 03:43:12,checkin
1034,131,2025-08-01 05:43:12,view
1035,140,2025-09-09 23:43:12,purchase
1036,146,2025-09-14 02:43:12,checkin
1037,153,2025-07-30 13:43:12,view
1038,128,2025-08-26 13:43:12,view
1039,140,2025-07-29 05:43:12,view
1040,129,2025-09-05 05:43:12,purchase
1041,86,2025-07-08 02:43:12,view
1042,130,2025-08-03 10:43:12,view
1043,141,2025-08-18 01:43:12,view
1044,52,2025-07-19 09:43:12,view
1045,51,2025-09-25 20:43:12,checkin
1046,187,2025-09-09 22:43:12,view
1047,69,2025-08-26 02:43:12,view
1048,156,2025-07-29 02:43:12,purchase
1049,47,2025-08-30 17:43:12,view
1050,70,2025-09-24 00:43:12,checkin
1051,78,2025-08-31 21:43:12,view
1052,194,2025-09-15 12:43:12,purchase
1053,166,2025-08-13 07:43:12,view
1054,197,2025-08-24 06:43:12,purchase
1055,180,2025-07-26 08:43:12,view
1056,90,2025-08-13 21:43:12,view
1057,155,2025-09-24 16:43:12,view
1058,152,2025-08-07 09:43:12,view
1059,100,2025-07-06 22:43:12,checkin
1060,32,2025-09-25 20:43:12,view
1061,123,2025-08-27 22:43:12,purchase
1062,171,2025-09-15 00:43:12,purchase
1063,67,2025-09-05 17:43:12,purchase
1064,177,2025-07-29 05:43:12,purchase
1065,66,2025-09-22 15:43:12,purchase
1066,130,2025-07-07 03:43:12,view
1067,89,2025-09-30 01:43:12,view
1068,197,2025-09-17 02:43:12,purchase
1069,145,2025-09-30 00:43:12,view
1070,105,2025-10-02 08:43:12,purchase
1071,43,2025-07-19 11:43:12,purchase
1072,34,2025-07-20 22:43:12,view
1073,151,2025-08-21 18:43:12,view
1074,144,2025-08-22 22:43:12,view
1075,193,2025-08-03 07:43:12,purchase
1076,194,2025-07-14 14:43:12,view
1077,85,2025-08-06 14:43:12,purchase
1078,129,2025-09-15 08:43:12,purchase
1079,116,2025-07-29 14:43:12,view
1080,132,2025-07-27 05:43:12,view
1081,90,2025-07-26 19:43:12,purchase
1082,169,2025-08-19 21:43:12,view
1083,99,2025-09-29 12:43:12,purchase
1084,141,2025-08-30 01:43:12,view
1085,46,2025-07-19 02:43:12,purchase
1086,165,2025-08-30 13:43:12,view
1087,119,2025-09-23 14:43:12,purchase
1088,148,2025-09-17 00:43:12,view
1089,103,2025-09-19 06:43:12,purchase
1090,13,2025-08-10 15:43:12,view
1091,34,2025-07-15 08:43:12,view
1092,135,2025-08-15 12:43:12,view
1093,113,2025-09-27 12:43:12,view
1094,184,2025-08-29 10:43:12,view
1095,71,2025-09-01 23:43:12,view
1096,154,2025-09-11 10:43:12,view
1097,1,2025-08-03 22:43:12,view
1098,53,2025-07-10 14:43:12,view
1099,158,2025-08-19 21:43:12,view
1100,96,2025-09-24 22:43:12,view
1101,56,2025-08-28 11:43:12,view
1102,147,2025-07-11 20:43:12,view
1103,185,2025-09-14 07:43:12,purchase
1104,101,2025-07-03 16:43:12,purchase
1105,195,2025-09-13 21:43:12,purchase
1106,4,2025-09-17 21:43:12,purchase
1107,182,2025-09-14 16:43:12,view
1108,136,2025-09-17 10:43:12,view
1109,85,2025-07-18 17:43:12,view
1110,111,2025-07-22 13:43:12,purchase
1111,18,2025-08-17 17:43:12,view
1112,50,2025-07-29 07:43:12,view
1113,137,2025-07-13 08:43:12,purchase
1114,51,2025-07-05 12:43:12,view
1115,196,2025-09-28 06:43:12,view
1116,101,2025-08-20 06:43:12,checkin
1117,200,2025-07-27 12:43:12,view
1118,123,2025-09-11 11:43:12,purchase
1119,192,2025-09-30 04:43:12,purchase
1120,76,2025-09-07 23:43:12,purchase
1121,95,2025-08-08 21:43:12,purchase
1122,160,2025-09-17 20:43:12,checkin
1123,107,2025-08-15 03:43:12,view
1124,182,2025-09-05 20:43:12,view
1125,122,2025-08-21 07:43:12,purchase
1126,115,2025-07-07 11:43:12,view
1127,71,2025-09-08 20:43:12,view
1128,70,2025-09-08 15:43:12,view
1129,110,2025-08-14 01:43:12,purchase
1130,22,2025-08-07 20:43:12,view
1131,121,2025-09-10 16:43:12,view
1132,149,2025-07-18 07:43:12,view
1133,131,2025-09-03 10:43:12,view
1134,196,2025-07-13 05:43:12,view
1135,132,2025-09-29 09:43:12,view
1136,108,2025-07-05 23:43:12,purchase
1137,108,2025-07-28 17:43:12,checkin
1138,75,2025-07-09 01:43:12,view
1139,65,2025-07-14 02:43:12,view
1140,60,2025-08-12 10:43:12,purchase
1141,133,2025-09-05 17:43:12,purchase
1142,192,2025-07-15 09:43:12,checkin
1143,121,2025-07-14 15:43:12,checkin
1144,169,2025-08-10 22:43:12,checkin
1145,136,2025-07-26 00:43:12,view
1146,67,2025-07-07 05:43:12,view
1147,115,2025-08-17 01:43:12,purchase
1148,127,2025-09-07 23:43:12,view
1149,138,2025-08-15 22:43:12,checkin
1150,87,2025-08-19 12:43:12,purchase
1151,194,2025-07-24 13:43:12,view
1152,138,2025-09-29 11:43:12,view
1153,145,2025-07-13 14:43:12,purchase
1154,93,2025-09-17 17:43:12,purchase
1155,22,2025-08-04 05:43:12,checkin
1156,32,2025-09-23 01:43:12,view
1157,50,2025-07-12 00:43:12,view
1158,101,2025-09-12 07:43:12,view
1159,52,2025-07-18 14:43:12,view
1160,161,2025-09-15 23:43:12,checkin
1161,70,2025-08-02 17:43:12,purchase
1162,171,2025-09-15 19:43:12,view
1163,20,2025-08-03 15:43:12,view
1164,154,2025-09-30 18:43:12,view
1165,3,2025-07-16 13:43:12,purchase
1166,49,2025-07-18 11:43:12,view
1167,38,2025-10-01 16:43:12,view
1168,136,2025-09-20 22:43:12,view
1169,47,2025-07-24 21:43:12,purchase
1170,78,2025-07-27 20:43:12,view
1171,181,2025-07-10 12:43:12,checkin
1172,185,2025-08-08 13:43:12,view
1173,45,2025-07-06 15:43:12,view
1174,188,2025-09-25 00:43:12,view
1175,22,2025-09-24 16:43:12,view
1176,18,2025-07-11 04:43:12,purchase
1177,132,2025-08-22 12:43:12,purchase
1178,61,2025-08-10 08:43:12,view
1179,106,2025-08-07 12:43:12,checkin
1180,137,2025-09-25 21:43:12,view
1181,96,2025-08-28 17:43:12,purchase
1182,58,2025-09-22 18:43:12,view
1183,31,2025-07-10 03:43:12,view
1184,5,2025-08-18 02:43:12,view
1185,194,2025-08-27 09:43:12,view
1186,154,2025-08-08 14:43:12,purchase
1187,40,2025-09-04 05:43:12,view
1188,86,2025-07-17 16:43:12,view
1189,139,2025-08-04 19:43:12,purchase
1190,13,2025-09-01 18:43:12,view
1191,13,2025-08-29 00:43:12,view
1192,140,2025-08-23 23:43:12,purchase
1193,136,2025-08-24 10:43:12,purchase
1194,2,2025-09-05 21:43:12,view
1195,31,2025-08-11 00:43:12,purchase
1196,157,2025-08-04 10:43:12,view
1197,186,2025-08-22 01:43:12,purchase
1198,162,2025-08-03 00:43:12,purchase
1199,34,2025-07-25 05:43:12,view
1200,177,2025-07-10 08:43:12,view
1201,104,2025-07-10 11:43:12,view
1202,128,2025-08-17 10:43:12,view
1203,133,2025-08-12 03:43:12,purchase
1204,92,2025-09-02 15:43:12,purchase
1205,103,2025-08-02 17:43:12,view
1206,10,2025-08-30 10:43:12,purchase
1207,29,2025-07-04 10:43:12,purchase
1208,36,2025-09-30 01:43:12,view
1209,16,2025-07-30 02:43:12,checkin
1210,46,2025-09-05 00:43:12,view
1211,159,2025-07-28 04:43:12,view
1212,123,2025-09-26 06:43:12,view
1213,160,2025-08-19 22:43:12,view
1214,152,2025-07-13 10:43:12,purchase
1215,167,2025-07-11 09:43:12,purchase
1216,180,2025-08-23 01:43:12,view
1217,184,2025-08-02 10:43:12,view
1218,66,2025-07-10 07:43:12,view
1219,129,2025-07-08 05:43:12,view
1220,24,2025-08-09 10:43:12,view
1221,62,2025-08-06 20:43:12,purchase
1222,111,2025-07-03 21:43:12,view
1223,167,2025-08-18 20:43:12,purchase
1224,162,2025-09-30 22:43:12,view
1225,183,2025-09-01 17:43:12,purchase
1226,79,2025-08-21 04:43:12,view
1227,194,2025-08-13 13:43:12,purchase
1228,190,2025-08-04 02:43:12,purchase
1229,197,2025-07-16 00:43:12,purchase
1230,42,2025-08-11 18:43:12,view
1231,71,2025-08-03 02:43:12,view
1232,152,2025-09-04 18:43:12,view
1233,197,2025-08-18 18:43:12,checkin
1234,51,2025-08-31 19:43:12,purchase
1235,137,2025-08-22 14:43:12,view
1236,157,2025-08-02 14:43:12,view
1237,49,2025-09-03 04:43:12,purchase
1238,159,2025-08-25 08:43:12,view
1239,85,2025-07-10 18:43:12,view
1240,16,2025-07-15 05:43:12,view
1241,158,2025-08-25 15:43:12,view
1242,26,2025-09-23 09:43:12,view
1243,112,2025-09-18 12:43:12,view
1244,114,2025-09-01 04:43:12,view
1245,161,2025-09-17 04:43:12,view
1246,180,2025-08-02 08:43:12,view
1247,105,2025-08-24 21:43:12,purchase
1248,70,2025-09-08 09:43:12,view
1249,102,2025-09-04 12:43:12,checkin
1250,88,2025-07-19 08:43:12,checkin
1251,80,2025-08-02 10:43:12,view
1252,196,2025-08-09 21:43:12,view
1253,10,2025-09-19 13:43:12,view
1254,175,2025-09-17 13:43:12,view
1255,104,2025-08-11 14:43:12,purchase
1256,75,2025-07-12 03:43:12,purchase
1257,182,2025-08-06 21:43:12,purchase
1258,186,2025-07-19 13:43:12,view
1259,39,2025-08-21 08:43:12,purchase
1260,169,2025-07-20 06:43:12,purchase
1261,197,2025-07-12 13:43:12,view
1262,86,2025-08-28 02:43:12,view
1263,39,2025-09-01 09:43:12,view
1264,44,2025-07-15 00:43:12,purchase
1265,178,2025-07-13 00:43:12,view
1266,200,2025-07-23 09:43:12,view
1267,103,2025-07-05 22:43:12,view
1268,112,2025-09-26 03:43:12,view
1269,27,2025-07-12 16:43:12,purchase
1270,75,2025-07-10 00:43:12,purchase
1271,189,2025-08-28 09:43:12,view
1272,198,2025-09-17 18:43:12,view
1273,182,2025-08-29 17:43:12,view
1274,33,2025-07-17 13:43:12,view
1275,111,2025-08-13 09:43:12,view
1276,59,2025-07-20 20:43:12,purchase
1277,192,2025-09-28 02:43:12,view
1278,184,2025-10-01 11:43:12,purchase
1279,152,2025-08-03 12:43:12,view
1280,105,2025-08-19 14:43:12,view
1281,43,2025-07-28 21:43:12,purchase
1282,6,2025-09-14 13:43:12,purchase
1283,136,2025-09-05 20:43:12,purchase
1284,16,2025-09-29 09:43:12,view
1285,175,2025-09-26 16:43:12,view
1286,184,2025-09-23 06:43:12,checkin
1287,185,2025-07-28 14:43:12,view
1288,76,2025-08-30 02:43:12,purchase
1289,82,2025-08-25 02:43:12,purchase
1290,81,2025-08-15 09:43:12,purchase
1291,52,2025-08-13 18:43:12,view
1292,68,2025-09-07 16:43:12,view
1293,181,2025-07-22 11:43:12,purchase
1294,107,2025-07-31 17:43:12,view
1295,175,2025-08-13 07:43:12,purchase
1296,168,2025-09-20 04:43:12,purchase
1297,24,2025-09-01 02:43:12,view
1298,41,2025-08-21 00:43:12,purchase
1299,129,2025-09-12 11:43:12,view
1300,23,2025-09-10 18:43:12,checkin
1301,115,2025-09-07 02:43:12,checkin
1302,118,2025-07-21 12:43:12,checkin
1303,170,2025-08-28 19:43:12,purchase
1304,98,2025-08-03 18:43:12,purchase
1305,82,2025-09-11 14:43:12,view
1306,129,2025-08-04 21:43:12,view
1307,52,2025-09-09 15:43:12,view
1308,115,2025-07-23 04:43:12,view
1309,43,2025-09-05 09:43:12,view
1310,123,2025-07-25 21:43:12,view
1311,107,2025-09-10 11:43:12,view
1312,199,2025-08-28 07:43:12,view
1313,115,2025-08-25 13:43:12,view
1314,40,2025-07-12 21:43:12,purchase
1315,3,2025-09-05 05:43:12,view
1316,160,2025-10-01 09:43:12,purchase
1317,89,2025-09-14 15:43:12,view
1318,49,2025-08-08 02:43:12,view
1319,3,2025-09-18 07:43:12,view
1320,21,2025-08-27 05:43:12,purchase
1321,62,2025-09-15 15:43:12,view
1322,71,2025-08-18 17:43:12,checkin
1323,54,2025-09-22 02:43:12,view
1324,57,2025-07-26 04:43:12,view
1325,118,2025-08-29 23:43:12,purchase
1326,120,2025-07-06 15:43:12,view
1327,178,2025-09-17 05:43:12,view
1328,15,2025-07-20 06:43:12,view
1329,118,2025-09-30 10:43:12,view
1330,71,2025-09-20 04:43:12,checkin
1331,182,2025-07-29 14:43:12,purchase
1332,164,2025-08-31 02:43:12,purchase
1333,117,2025-08-12 16:43:12,purchase
1334,135,2025-08-07 10:43:12,view
1335,12,2025-07-04 12:43:12,checkin
1336,155,2025-08-03 05:43:12,view
1337,166,2025-08-26 00:43:12,view
1338,55,2025-09-29 07:43:12,checkin
1339,158,2025-09-19 10:43:12,view
1340,48,2025-09-09 06:43:12,checkin
1341,187,2025-08-11 04:43:12,purchase
1342,11,2025-08-22 21:43:12,purchase
1343,121,2025-08-30 22:43:12,view
1344,197,2025-08-31 23:43:12,purchase
1345,189,2025-07-18 16:43:12,view
1346,181,2025-07-19 21:43:12,view
1347,191,2025-09-19 22:43:12,purchase
1348,126,2025-09-15 05:43:12,purchase
1349,179,2025-10-01 08:43:12,purchase
1350,67,2025-09-06 02:43:12,view
1351,46,2025-08-13 00:43:12,view
1352,158,2025-09-10 23:43:12,view
1353,26,2025-09-08 11:43:12,view
1354,143,2025-09-20 10:43:12,purchase
1355,87,2025-08-27 22:43:12,purchase
1356,156,2025-09-24 20:43:12,view
1357,185,2025-09-22 13:43:12,view
1358,58,2025-07-04 19:43:12,view
1359,191,2025-09-05 01:43:12,view
1360,157,2025-07-15 08:43:12,purchase
1361,124,2025-09-29 13:43:12,view
1362,13,2025-09-25 22:43:12,view
1363,187,2025-09-20 11:43:12,view
1364,21,2025-08-21 15:43:12,view
1365,24,2025-09-04 03:43:12,view
1366,32,2025-07-11 14:43:12,checkin
1367,182,2025-07-06 23:43:12,checkin
1368,81,2025-08-01 08:43:12,purchase
1369,81,2025-09-11 07:43:12,view
1370,35,2025-09-14 22:43:12,view
1371,144,2025-08-01 16:43:12,view
1372,134,2025-08-26 02:43:12,view
1373,158,2025-07-22 12:43:12,view
1374,150,2025-07-10 01:43:12,view
1375,27,2025-07-18 22:43:12,view
1376,142,2025-07-22 21:43:12,view
1377,178,2025-08-05 02:43:12,view
1378,83,2025-07-08 12:43:12,purchase
1379,171,2025-09-11 01:43:12,view
1380,22,2025-09-15 08:43:12,purchase
1381,37,2025-08-31 03:43:12,view
1382,85,2025-09-11 08:43:12,purchase
1383,133,2025-08-26 17:43:12,purchase
1384,141,2025-07-31 15:43:12,view
1385,134,2025-08-18 16:43:12,view
1386,33,2025-09-12 03:43:12,view
1387,163,2025-09-15 07:43:12,view
1388,17,2025-08-20 11:43:12,view
1389,67,2025-08-13 16:43:12,view
1390,97,2025-07-27 23:43:12,view
1391,191,2025-09-15 17:43:12,purchase
1392,175,2025-09-18 06:43:12,view
1393,9,2025-09-08 04:43:12,view
1394,75,2025-08-14 15:43:12,purchase
1395,28,2025-07-05 06:43:12,view
1396,13,2025-08-22 14:43:12,view
1397,37,2025-08-22 21:43:12,view
1398,113,2025-08-22 16:43:12,purchase
1399,71,2025-07-05 20:43:12,checkin
1400,184,2025-07-31 21:43:12,view
1401,140,2025-07-20 17:43:12,view
1402,169,2025-09-11 19:43:12,checkin
1403,87,2025-07-14 08:43:12,view
1404,195,2025-09-02 07:43:12,view
1405,156,2025-09-11 19:43:12,purchase
1406,60,2025-07-06 21:43:12,view
1407,30,2025-08-16 16:43:12,view
1408,62,2025-09-08 16:43:12,purchase
1409,182,2025-08-07 03:43:12,purchase
1410,133,2025-09-28 16:43:12,view
1411,7,2025-07-03 14:43:12,purchase
1412,90,2025-08-09 13:43:12,view
1413,146,2025-09-28 10:43:12,view
1414,74,2025-08-02 02:43:12,view
1415,34,2025-08-25 17:43:12,view
1416,75,2025-07-07 11:43:12,view
1417,22,2025-08-13 20:43:12,purchase
1418,27,2025-09-18 15:43:12,checkin
1419,50,2025-09-20 01:43:12,view
1420,150,2025-08-07 22:43:12,purchase
1421,172,2025-10-01 06:43:12,view
1422,85,2025-07-04 14:43:12,purchase
1423,52,2025-08-29 16:43:12,view
1424,163,2025-07-05 13:43:12,view
1425,42,2025-07-19 16:43:12,view
1426,46,2025-07-19 12:43:12,checkin
1427,167,2025-09-28 01:43:12,view
1428,145,2025-09-20 01:43:12,view
1429,85,2025-07-12 09:43:12,view
1430,181,2025-09-07 17:43:12,purchase
1431,159,2025-07-13 09:43:12,view
1432,165,2025-08-18 07:43:12,checkin
1433,5,2025-08-23 22:43:12,purchase
1434,171,2025-10-02 11:43:12,view
1435,46,2025-09-25 02:43:12,purchase
1436,195,2025-09-26 18:43:12,view
1437,153,2025-09-17 09:43:12,view
1438,43,2025-07-28 02:43:12,view
1439,178,2025-07-14 08:43:12,view
1440,79,2025-09-16 16:43:12,view
1441,142,2025-08-24 18:43:12,purchase
1442,184,2025-09-22 05:43:12,view
1443,106,2025-07-21 18:43:12,view
1444,116,2025-07-10 18:43:12,purchase
1445,9,2025-09-11 01:43:12,purchase
1446,144,2025-09-08 18:43:12,view
1447,91,2025-07-21 19:43:12,purchase
1448,179,2025-08-23 07:43:12,purchase
1449,135,2025-08-25 05:43:12,checkin
1450,129,2025-07-19 15:43:12,view
1451,83,2025-08-29 21:43:12,view
1452,79,2025-08-16 16:43:12,checkin
1453,29,2025-07-15 23:43:12,view
1454,18,2025-08-06 09:43:12,view
1455,121,2025-07-28 13:43:12,view
1456,197,2025-07-22 23:43:12,purchase
1457,31,2025-07-29 05:43:12,view
1458,116,2025-07-07 06:43:12,view
1459,180,2025-08-15 17:43:12,purchase
1460,72,2025-08-31 05:43:12,checkin
1461,170,2025-09-02 03:43:12,purchase
1462,33,2025-09-05 11:43:12,view
1463,137,2025-07-07 02:43:12,purchase
1464,40,2025-09-21 02:43:12,view
1465,19,2025-08-30 00:43:12,checkin
1466,167,2025-08-12 08:43:12,view
1467,71,2025-08-20 05:43:12,view
1468,77,2025-08-28 03:43:12,purchase
1469,160,2025-09-17 23:43:12,view
1470,61,2025-08-13 19:43:12,purchase
1471,136,2025-07-22 23:43:12,purchase
1472,64,2025-08-05 12:43:12,view
1473,138,2025-10-02 13:43:12,view
1474,159,2025-07-03 16:43:12,view
1475,173,2025-07-20 16:43:12,view
1476,150,2025-08-14 02:43:12,purchase
1477,37,2025-09-22 22:43:12,view
1478,87,2025-07-23 08:43:12,purchase
1479,63,2025-09-04 02:43:12,purchase
1480,81,2025-08-03 04:43:12,checkin
1481,125,2025-08-05 00:43:12,view
1482,97,2025-07-14 02:43:12,view
1483,183,2025-08-04 00:43:12,view
1484,170,2025-07-08 09:43:12,purchase
1485,1,2025-08-30 04:43:12,view
1486,63,2025-08-30 11:43:12,purchase
1487,75,2025-07-26 08:43:12,view
1488,74,2025-09-23 23:43:12,view
1489,83,2025-09-03 22:43:12,view
1490,78,2025-09-23 19:43:12,view
1491,62,2025-07-10 00:43:12,view
1492,51,2025-09-05 10:43:12,purchase
1493,185,2025-09-21 21:43:12,view
1494,23,2025-09-13 08:43:12,checkin
1495,57,2025-09-20 15:43:12,view
1496,119,2025-08-18 10:43:12,view
1497,151,2025-10-01 12:43:12,view
1498,135,2025-08-18 11:43:12,purchase
1499,101,2025-08-08 19:43:12,purchase
1500,34,2025-09-26 06:43:12,purchase
